{"50.0": {"Integration": [1.1374116776208254, 7.284500276316663], "Positions": [1975.9999999999995, 2042.4279733290857]}, "100.0": {"Integration": [1.3537420145981471, 6.98870886994829], "Positions": [1976.0, 2038.0569826575406]}, "150.0": {"Integration": [1.4672821208039366, 6.633215912099644], "Positions": [1976.0, 2035.130839219082]}, "200.0": {"Integration": [1.8696850834221124, 5.980549759310172], "Positions": [1975.9999999999986, 2034.0]}, "250.0": {"Integration": [2.3341112537211828, 5.232348046502189], "Positions": [1976.0, 2034.0]}}