{"50.0": {"Integration": [5.551115123125783e-10, 9.236875316842585], "Positions": [1948.3475422858878, 2015.9999999958375]}, "100.0": {"Integration": [5.551115123125783e-10, 8.718692254827687], "Positions": [1949.2563888674401, 2015.9999999912086]}, "150.0": {"Integration": [5.551115123125783e-10, 8.285218169867825], "Positions": [1950.7788561404698, 2015.999999995194]}, "200.0": {"Integration": [0.2027532752801875, 6.984782439101167], "Positions": [1960.3681025160943, 2015.9999996075012]}, "250.0": {"Integration": [0.44882067451457175, 5.790072798994572], "Positions": [1960.948774197408, 2015.9999999999977]}}