{"50.0": {"Integration": [5.551115123125783e-10, 6.524155420906119, 3.988524900910839, 1.168593741218693], "Positions": [3005.3174567413253, 2964.0, 2905.013025233638, 2835.9999999999995]}, "100.0": {"Integration": [5.551115123125783e-10, 5.5924350511604715, 4.01245153547336, 1.196038930117993], "Positions": [3005.154344499631, 2964.0000000000045, 2906.3422967334564, 2835.9999999999995]}, "150.0": {"Integration": [5.551115123125783e-10, 5.210847593972723, 4.018522783977296, 1.216268394887976], "Positions": [3012.7217365055044, 2964.0000000000014, 2907.3038205629823, 2836.0]}, "200.0": {"Integration": [5.551115123125783e-10, 4.893439397579691, 4.066405506208959, 1.2319659770110292], "Positions": [3008.803400724695, 2964.000000000001, 2908.267317467057, 2836.0]}, "250.0": {"Integration": [5.551115123125783e-10, 4.650391361438189, 4.108060714380635, 1.2645012875678319], "Positions": [3009.1392415910977, 2964.0000000000023, 2909.1002366780585, 2835.9999999999977]}}